<?xml version="1.0" encoding="UTF-8" standalone="yes"?>
<root xmlns:xsi="http://www.w3.org/2001/XMLSchema-instance">
	<lvmonster>
		<itemcode>10001</itemcode>
		<filedata>Enemy_Knight</filedata>
		<name>Knight</name>
		<type>A(1)</type>
		<health>222</health>
		<attacktime>1</attacktime>
		<attackpower>5</attackpower>
		<attackspeed>0.66</attackspeed>
		<waittime>130</waittime>
		<speedmove>1</speedmove>
		<speedchase>1.5</speedchase>
		<speedturn>180</speedturn>
		<radius>2.22</radius>
		<radiusattack>0.93</radiusattack>
		<radiustorelease>0.89</radiustorelease>
	</lvmonster>
	<lvmonster>
		<itemcode>10002</itemcode>
		<filedata>Enemy_Soldier</filedata>
		<name>Soldier</name>
		<type>A(1)</type>
		<health>75</health>
		<attacktime>2</attacktime>
		<attackpower>4</attackpower>
		<attackspeed>0.66</attackspeed>
		<waittime>130</waittime>
		<speedmove>1</speedmove>
		<speedchase>1.5</speedchase>
		<speedturn>180</speedturn>
		<radius>6.47</radius>
		<radiusattack>4.36</radiusattack>
		<radiustorelease>2.22</radiustorelease>
	</lvmonster>
	<lvmonster>
		<itemcode>10003</itemcode>
		<filedata>Enemy_Unded</filedata>
		<name>Unded</name>
		<type>B(2)</type>
		<health>100</health>
		<attacktime>2</attacktime>
		<attackpower>5</attackpower>
		<attackspeed>0.66</attackspeed>
		<waittime>130</waittime>
		<speedmove>1</speedmove>
		<speedchase>1.5</speedchase>
		<speedturn>180</speedturn>
		<radius>2.01</radius>
		<radiusattack>0.77</radiusattack>
		<radiustorelease>0.72</radiustorelease>
	</lvmonster>
	<lvmonster>
		<itemcode>10004</itemcode>
		<filedata>Enemy_Wolfrider</filedata>
		<name>Wolfrider</name>
		<type>B(2)</type>
		<health>150</health>
		<attacktime>2.5</attacktime>
		<attackpower>6</attackpower>
		<attackspeed>0.66</attackspeed>
		<waittime>130</waittime>
		<speedmove>1</speedmove>
		<speedchase>1.5</speedchase>
		<speedturn>180</speedturn>
		<radius>2.73</radius>
		<radiusattack>1.2</radiusattack>
		<radiustorelease>1.58</radiustorelease>
	</lvmonster>
</root>